{"elements":[{"from":[5,25,6],"to":[9,28,11],"rotation":{"angle":0,"axis":"y","origin":[8,25,10]},"faces":{"north":{"uv":[5,8,6,8.75],"texture":"#0"},"east":{"uv":[1,8,2.25,8.75],"texture":"#0"},"south":{"uv":[8,7,9,7.75],"texture":"#0"},"west":{"uv":[2.25,8,3.5,8.75],"texture":"#0"},"up":{"uv":[8.75,1.25,7.75,0],"texture":"#0"},"down":{"uv":[1,8,0,9.25],"texture":"#0"}}},{"from":[5.5,27,7],"to":[8.5,29,12],"rotation":{"angle":0,"axis":"y","origin":[8,25,10]},"faces":{"north":{"uv":[0,9.25,0.75,9.75],"texture":"#0"},"east":{"uv":[6.75,5.5,8,6],"texture":"#0"},"south":{"uv":[9.25,0,10,0.5],"texture":"#0"},"west":{"uv":[8.75,5.5,10,6],"texture":"#0"},"up":{"uv":[4.25,9.25,3.5,8],"texture":"#0"},"down":{"uv":[5,8,4.25,9.25],"texture":"#0"}}},{"from":[6,24,3],"to":[8,25,8],"rotation":{"angle":0,"axis":"y","origin":[8,24,10]},"faces":{"north":{"uv":[7.75,1.25,8.25,1.5],"texture":"#0"},"east":{"uv":[9.25,3,10.5,3.25],"texture":"#0"},"south":{"uv":[8.25,1.25,8.75,1.5],"texture":"#0"},"west":{"uv":[9.25,3.25,10.5,3.5],"texture":"#0"},"up":{"uv":[5.5,10,5,8.75],"texture":"#0"},"down":{"uv":[6,8.75,5.5,10],"texture":"#0"}}},{"from":[5.5,25,2],"to":[8.5,27,6],"rotation":{"angle":0,"axis":"y","origin":[8,25,10]},"faces":{"north":{"uv":[9.25,0.5,10,1],"texture":"#0"},"east":{"uv":[9,4.5,10,5],"texture":"#0"},"south":{"uv":[9.25,1,10,1.5],"texture":"#0"},"west":{"uv":[9,5,10,5.5],"texture":"#0"},"up":{"uv":[8.75,8.75,8,7.75],"texture":"#0"},"down":{"uv":[9,4.5,8.25,5.5],"texture":"#0"}}},{"from":[7,25,6],"to":[7,32,9],"rotation":{"angle":45,"axis":"x","origin":[8,25,10]},"faces":{"north":{"uv":[0,0,0,1.75],"texture":"#0"},"east":{"uv":[6.5,7,7.25,8.75],"texture":"#0"},"south":{"uv":[0,0,0,1.75],"texture":"#0"},"west":{"uv":[7.25,7,8,8.75],"texture":"#0"},"up":{"uv":[0,0.75,0,0],"texture":"#0"},"down":{"uv":[0,0,0,0.75],"texture":"#0"}}},{"from":[6,21,10],"to":[8,27,12],"rotation":{"angle":-22.5,"axis":"x","origin":[8,25,10]},"faces":{"north":{"uv":[6,8,6.5,9.5],"texture":"#0"},"east":{"uv":[8.25,5.5,8.75,7],"texture":"#0"},"south":{"uv":[8.75,0,9.25,1.5],"texture":"#0"},"west":{"uv":[1,8.75,1.5,10.25],"texture":"#0"},"up":{"uv":[4,9.75,3.5,9.25],"texture":"#0"},"down":{"uv":[9.75,3.5,9.25,4],"texture":"#0"}}},{"from":[5.5,20.5,11],"to":[8.5,23,14],"rotation":{"angle":0,"axis":"y","origin":[8,26,14]},"faces":{"north":{"uv":[8.75,6,9.5,6.75],"texture":"#0"},"east":{"uv":[6.5,8.75,7.25,9.5],"texture":"#0"},"south":{"uv":[7.25,8.75,8,9.5],"texture":"#0"},"west":{"uv":[8.75,7.75,9.5,8.5],"texture":"#0"},"up":{"uv":[8.75,9.5,8,8.75],"texture":"#0"},"down":{"uv":[9.5,8.5,8.75,9.25],"texture":"#0"}}},{"from":[4,8.5,10],"to":[10,22.5,13.5],"rotation":{"angle":0,"axis":"y","origin":[8,12,5]},"faces":{"north":{"uv":[0,4.5,1.5,8],"texture":"#0"},"east":{"uv":[3,4.5,4,8],"texture":"#0"},"south":{"uv":[1.5,4.5,3,8],"texture":"#0"},"west":{"uv":[4,4.5,5,8],"texture":"#0"},"up":{"uv":[8.25,5.5,6.75,4.5],"texture":"#0"},"down":{"uv":[6.5,7,5,8],"texture":"#0"}}},{"from":[-9,18,10],"to":[4,20,12],"rotation":{"angle":-45,"axis":"y","origin":[4,19,11]},"faces":{"north":{"uv":[6,1.5,9.25,2],"texture":"#0"},"east":{"uv":[4,9.25,4.5,9.75],"texture":"#0"},"south":{"uv":[6,2,9.25,2.5],"texture":"#0"},"west":{"uv":[9.25,4,9.75,4.5],"texture":"#0"},"up":{"uv":[9.25,3,6,2.5],"texture":"#0"},"down":{"uv":[9.25,3,6,3.5],"texture":"#0"}}},{"from":[10,9,12],"to":[22,18,12],"rotation":{"angle":45,"axis":"y","origin":[10,19,11]},"faces":{"north":{"uv":[3,0,0,2.25],"texture":"#0"},"east":{"uv":[0,0,0,2.25],"texture":"#0"},"south":{"uv":[0,0,3,2.25],"texture":"#0"},"west":{"uv":[0,0,0,2.25],"texture":"#0"},"up":{"uv":[3,0,0,0],"texture":"#0"},"down":{"uv":[3,0,0,0],"texture":"#0"}}},{"from":[10,18,10],"to":[23,20,12],"rotation":{"angle":45,"axis":"y","origin":[10,19,11]},"faces":{"north":{"uv":[6,3.5,9.25,4],"texture":"#0"},"east":{"uv":[4.5,9.25,5,9.75],"texture":"#0"},"south":{"uv":[6,4,9.25,4.5],"texture":"#0"},"west":{"uv":[8.75,9.25,9.25,9.75],"texture":"#0"},"up":{"uv":[8.25,6.5,5,6],"texture":"#0"},"down":{"uv":[8.25,6.5,5,7],"texture":"#0"}}},{"from":[-8,9,12],"to":[4,18,12],"rotation":{"angle":-45,"axis":"y","origin":[4,19,11]},"faces":{"north":{"uv":[0,0,3,2.25],"texture":"#0"},"east":{"uv":[0,0,0,2.25],"texture":"#0"},"south":{"uv":[3,0,0,2.25],"texture":"#0"},"west":{"uv":[0,0,0,2.25],"texture":"#0"},"up":{"uv":[3,0,0,0],"texture":"#0"},"down":{"uv":[3,0,0,0],"texture":"#0"}}},{"from":[5,5.5,12.75],"to":[9,8.5,14.75],"rotation":{"angle":-22.5,"axis":"x","origin":[5,6.5,12.75]},"faces":{"north":{"uv":[1.5,8.75,2.5,9.5],"texture":"#0"},"east":{"uv":[9.25,1.5,9.75,2.25],"texture":"#0"},"south":{"uv":[2.5,8.75,3.5,9.5],"texture":"#0"},"west":{"uv":[9.25,2.25,9.75,3],"texture":"#0"},"up":{"uv":[10,7.25,9,6.75],"texture":"#0"},"down":{"uv":[10,7.25,9,7.75],"texture":"#0"}}},{"from":[3.5,0.5,15.75],"to":[10.5,6.5,15.75],"rotation":{"angle":-22.5,"axis":"x","origin":[5,1.5,13.75]},"faces":{"north":{"uv":[5,4.5,6.75,6],"texture":"#0"},"east":{"uv":[0,0,0,1.5],"texture":"#0"},"south":{"uv":[6,0,7.75,1.5],"texture":"#0"},"west":{"uv":[0,0,0,1.5],"texture":"#0"},"up":{"uv":[1.75,0,0,0],"texture":"#0"},"down":{"uv":[1.75,0,0,0],"texture":"#0"}}},{"from":[3.99,5.99,7.49],"to":[6.01,11.01,9.51],"rotation":{"angle":45,"axis":"x","origin":[4,6,10]},"faces":{"north":{"uv":[2,2.25,2.5,3.5],"texture":"#0"},"east":{"uv":[2.5,2.25,3,3.5],"texture":"#0"},"south":{"uv":[3,0,3.5,1.25],"texture":"#0"},"west":{"uv":[3,1.25,3.5,2.5],"texture":"#0"},"up":{"uv":[3.5,4.25,3,3.75],"texture":"#0"},"down":{"uv":[4,3.75,3.5,4.25],"texture":"#0"}}},{"from":[7.49,-1.01,6.99],"to":[8.51,1.01,7.01],"rotation":{"angle":45,"axis":"x","origin":[9,2,9]},"faces":{"north":{"uv":[1,4,1.25,4.5],"texture":"#0"},"east":{"uv":[0,0,0,0.5],"texture":"#0"},"south":{"uv":[4,1,4.25,1.5],"texture":"#0"},"west":{"uv":[0,0,0,0.5],"texture":"#0"},"up":{"uv":[0.25,0,0,0],"texture":"#0"},"down":{"uv":[0.25,0,0,0],"texture":"#0"}}},{"from":[9.49,3.99,5.99],"to":[10.51,4.01,8.01],"rotation":{"angle":-45,"axis":"x","origin":[11,2,9]},"faces":{"north":{"uv":[0,0,0.25,0],"texture":"#0"},"east":{"uv":[0,0,0.5,0],"texture":"#0"},"south":{"uv":[0,0,0.25,0],"texture":"#0"},"west":{"uv":[0,0,0.5,0],"texture":"#0"},"up":{"uv":[4.25,1,4,0.5],"texture":"#0"},"down":{"uv":[1,4,0.75,4.5],"texture":"#0"}}},{"from":[7.99,2.59,6.99],"to":[10.01,4.61,7.01],"rotation":{"angle":22.5,"axis":"x","origin":[11,3,7]},"faces":{"north":{"uv":[2,3.5,2.5,4],"texture":"#0"},"east":{"uv":[0,0,0,0.5],"texture":"#0"},"south":{"uv":[2.5,3.5,3,4],"texture":"#0"},"west":{"uv":[0,0,0,0.5],"texture":"#0"},"up":{"uv":[0.5,0,0,0],"texture":"#0"},"down":{"uv":[0.5,0,0,0],"texture":"#0"}}},{"from":[8.49,1.99,7.99],"to":[9.51,7.01,9.01],"rotation":{"angle":22.5,"axis":"x","origin":[10,6,10]},"faces":{"north":{"uv":[3.5,2.5,3.75,3.75],"texture":"#0"},"east":{"uv":[3.75,0,4,1.25],"texture":"#0"},"south":{"uv":[3.75,1.25,4,2.5],"texture":"#0"},"west":{"uv":[3.75,2.5,4,3.75],"texture":"#0"},"up":{"uv":[4.25,1.75,4,1.5],"texture":"#0"},"down":{"uv":[2,4,1.75,4.25],"texture":"#0"}}},{"from":[7.99,5.99,7.49],"to":[10.01,11.01,9.51],"rotation":{"angle":45,"axis":"x","origin":[10,6,10]},"faces":{"north":{"uv":[0,2.25,0.5,3.5],"texture":"#0"},"east":{"uv":[0.5,2.25,1,3.5],"texture":"#0"},"south":{"uv":[1,2.25,1.5,3.5],"texture":"#0"},"west":{"uv":[1.5,2.25,2,3.5],"texture":"#0"},"up":{"uv":[1.5,4,1,3.5],"texture":"#0"},"down":{"uv":[2,3.5,1.5,4],"texture":"#0"}}},{"from":[4.49,1.99,7.99],"to":[5.51,7.01,9.01],"rotation":{"angle":22.5,"axis":"x","origin":[4,6,10]},"faces":{"north":{"uv":[3,2.5,3.25,3.75],"texture":"#0"},"east":{"uv":[3.25,2.5,3.5,3.75],"texture":"#0"},"south":{"uv":[3.5,0,3.75,1.25],"texture":"#0"},"west":{"uv":[3.5,1.25,3.75,2.5],"texture":"#0"},"up":{"uv":[1.5,4.25,1.25,4],"texture":"#0"},"down":{"uv":[1.75,4,1.5,4.25],"texture":"#0"}}},{"from":[3.49,3.99,5.99],"to":[4.51,4.01,8.01],"rotation":{"angle":-45,"axis":"x","origin":[3,2,9]},"faces":{"north":{"uv":[0,0,0.25,0],"texture":"#0"},"east":{"uv":[0,0,0.5,0],"texture":"#0"},"south":{"uv":[0,0,0.25,0],"texture":"#0"},"west":{"uv":[0,0,0.5,0],"texture":"#0"},"up":{"uv":[0.5,4.5,0.25,4],"texture":"#0"},"down":{"uv":[0.75,4,0.5,4.5],"texture":"#0"}}},{"from":[5.49,-1.01,6.99],"to":[6.51,1.01,7.01],"rotation":{"angle":45,"axis":"x","origin":[5,2,9]},"faces":{"north":{"uv":[0,4,0.25,4.5],"texture":"#0"},"east":{"uv":[0,0,0,0.5],"texture":"#0"},"south":{"uv":[4,0,4.25,0.5],"texture":"#0"},"west":{"uv":[0,0,0,0.5],"texture":"#0"},"up":{"uv":[0.25,0,0,0],"texture":"#0"},"down":{"uv":[0.25,0,0,0],"texture":"#0"}}},{"from":[3.99,2.59,6.99],"to":[6.01,4.61,7.01],"rotation":{"angle":22.5,"axis":"x","origin":[3,3,7]},"faces":{"north":{"uv":[0,3.5,0.5,4],"texture":"#0"},"east":{"uv":[0,0,0,0.5],"texture":"#0"},"south":{"uv":[0.5,3.5,1,4],"texture":"#0"},"west":{"uv":[0,0,0,0.5],"texture":"#0"},"up":{"uv":[0.5,0,0,0],"texture":"#0"},"down":{"uv":[0.5,0,0,0],"texture":"#0"}}}],"texture_size":[64,64],"textures":{"0":"lostmagic:item/phoenix","particle":"lostmagic:item/phoenix"}}