{"parent":"minecraft:item/handheld","textures":{"layer0":"minecraft:customitem/stone_pickaxe"},"display":{"thirdperson_righthand":{"rotation":[0,90,55],"translation":[0,4.0,2.5],"scale":[0.85,0.85,0.85]},"thirdperson_lefthand":{"rotation":[0,-90,-55],"translation":[0,4.0,2.5],"scale":[0.85,0.85,0.85]},"firstperson_righthand":{"rotation":[0,90,55],"translation":[1.13,3.2,1.13],"scale":[0.68,0.68,0.68]},"firstperson_lefthand":{"rotation":[0,-90,-55],"translation":[1.13,3.2,1.13],"scale":[0.68,0.68,0.68]}}}